{
  "plan_id": "starter_fatloss_gym_3d_v1",
  "type": "starter",
  "plan_version": "1.0",
  "name_en": "Starter Fat Loss - 3 Days (Gym)",
  "name_ar": "حرق الدهون للمبتدئين - 3 أيام (صالة رياضية)",
  "description_en": "3-day gym program focused on fat loss with strength training and metabolic conditioning",
  "description_ar": "برنامج 3 أيام في الصالة الرياضية يركز على حرق الدهون مع تدريب القوة والتكييف الأيضي",
  "goal": "fat_loss",
  "location": "gym",
  "training_days": 3,
  "weeks": 12,
  "blocks": [
    {"block":1, "weeks":[1,2], "focus":"technique + base", "focus_ar":"التقنية والأساس", "progression":"RPE 6 → 7"},
    {"block":2, "weeks":[3,4], "focus":"double progression", "focus_ar":"تقدم مزدوج", "progression":"increase reps within range then +2.5–5% load"},
    {"block":3, "weeks":[5,6], "focus":"volume boost", "focus_ar":"زيادة الحجم", "progression":"+1 set on squat + hip hinge"},
    {"block":4, "weeks":[7,8], "focus":"intensity spike", "focus_ar":"زيادة الكثافة", "progression":"Top set @RPE8 + backoff"},
    {"block":5, "weeks":[9,10], "focus":"density", "focus_ar":"الكثافة", "progression":"reduce rest by ~15s"},
    {"block":6, "weeks":[11,12], "focus":"deload", "focus_ar":"تخفيف الحمل", "progression":"–35% volume, RPE 6"}
  ],
  "sessions": [
    {
      "day": 1,
      "name_en": "Full Body A",
      "name_ar": "الجسم الكامل أ",
      "work": [
        {
          "ex_id": "back_squat",
          "name_en": "Back Squat",
          "name_ar": "سكوات خلفي",
          "video_id": "vid_back_squat",
          "equip": ["barbell"],
          "muscles": ["quads","glutes","core"],
          "sets": 3,
          "reps": "6–10",
          "rest_s": 120,
          "rpe": 6.5,
          "notes_en": "Focus on depth and control",
          "notes_ar": "ركز على العمق والتحكم"
        },
        {
          "ex_id": "bench_press",
          "name_en": "Bench Press",
          "name_ar": "ضغط البنش",
          "video_id": "vid_bench_press",
          "equip": ["barbell"],
          "muscles": ["chest","triceps"],
          "sets": 3,
          "reps": "6–10",
          "rest_s": 120,
          "rpe": 6.5,
          "notes_en": "Keep shoulders back and down",
          "notes_ar": "أبقِ الكتفين للخلف وللأسفل"
        },
        {
          "ex_id": "lat_pulldown",
          "name_en": "Lat Pulldown",
          "name_ar": "سحب عريض",
          "video_id": "vid_lat_pulldown",
          "equip": ["machine"],
          "muscles": ["lats","mid_back"],
          "sets": 3,
          "reps": "8–12",
          "rest_s": 90,
          "rpe": 6.5,
          "notes_en": "Pull to upper chest",
          "notes_ar": "اسحب إلى الصدر العلوي"
        },
        {
          "ex_id": "romanian_deadlift",
          "name_en": "Romanian Deadlift",
          "name_ar": "رفعة رومانية",
          "video_id": "vid_rdl",
          "equip": ["barbell"],
          "muscles": ["hamstrings","glutes"],
          "sets": 3,
          "reps": "8–12",
          "rest_s": 120,
          "rpe": 6.5,
          "notes_en": "Hinge at hips, slight knee bend",
          "notes_ar": "حرك من الورك، انحناء خفيف في الركبة"
        },
        {
          "ex_id": "plank",
          "name_en": "Plank",
          "name_ar": "بلانك",
          "video_id": "vid_plank",
          "equip": ["bodyweight"],
          "muscles": ["core"],
          "sets": 3,
          "reps":"30–45s",
          "rest_s":60,
          "notes_en": "Maintain straight body line",
          "notes_ar": "حافظ على خط مستقيم للجسم"
        }
      ],
      "conditioning": {
        "type": "intervals",
        "type_ar": "فواصل",
        "machine_options": ["rower","bike","treadmill_walk"],
        "protocol": "30s ON / 30s OFF × 12",
        "protocol_ar": "30 ثانية تشغيل / 30 ثانية راحة × 12",
        "target_heart_rate": "75–85% max",
        "duration_min": 12
      }
    },
    {
      "day": 3,
      "name_en": "Full Body B",
      "name_ar": "الجسم الكامل ب",
      "work": [
        {
          "ex_id": "leg_press",
          "name_en": "Leg Press",
          "name_ar": "ضغط الساق",
          "video_id": "vid_leg_press",
          "equip": ["machine"],
          "muscles": ["quads","glutes"],
          "sets": 3,
          "reps": "10–15",
          "rest_s": 120,
          "rpe": 7,
          "notes_en": "Full range of motion",
          "notes_ar": "نطاق حركة كامل"
        },
        {
          "ex_id": "incline_db_press",
          "name_en": "Incline Dumbbell Press",
          "name_ar": "ضغط دمبل مائل",
          "video_id": "vid_incline_db_press",
          "equip": ["dumbbell"],
          "muscles": ["chest","front_delts"],
          "sets": 3,
          "reps": "8–12",
          "rest_s": 90,
          "rpe": 7,
          "notes_en": "30-45 degree incline",
          "notes_ar": "ميل 30-45 درجة"
        },
        {
          "ex_id": "seated_row",
          "name_en": "Seated Row",
          "name_ar": "تجديف جالس",
          "video_id": "vid_seated_row",
          "equip": ["machine"],
          "muscles": ["back","biceps"],
          "sets": 3,
          "reps": "8–12",
          "rest_s": 90,
          "notes_en": "Squeeze shoulder blades",
          "notes_ar": "اضغط على لوحي الكتف"
        },
        {
          "ex_id": "db_lateral_raise",
          "name_en": "Lateral Raise",
          "name_ar": "رفع جانبي",
          "video_id": "vid_lateral_raise",
          "equip": ["dumbbell"],
          "muscles": ["side_delts"],
          "sets": 3,
          "reps": "10–15",
          "rest_s": 60,
          "notes_en": "Slight bend in elbow",
          "notes_ar": "انحناء خفيف في الكوع"
        },
        {
          "ex_id": "cable_crunch",
          "name_en": "Cable Crunch",
          "name_ar": "كرنش كابل",
          "video_id": "vid_cable_crunch",
          "equip": ["cable"],
          "muscles": ["core"],
          "sets": 3,
          "reps": "12–15",
          "rest_s": 60,
          "notes_en": "Curl spine, don't just pull",
          "notes_ar": "قوس العمود الفقري، لا تسحب فقط"
        }
      ],
      "conditioning": {
        "type": "steady",
        "type_ar": "ثابت",
        "protocol": "Bike 20 minutes",
        "protocol_ar": "دراجة 20 دقيقة",
        "intensity": "Zone 2",
        "target_heart_rate": "65–75% max"
      }
    },
    {
      "day": 5,
      "name_en": "Full Body C",
      "name_ar": "الجسم الكامل ج",
      "work": [
        {
          "ex_id": "deadlift",
          "name_en": "Deadlift",
          "name_ar": "رفعة ميتة",
          "video_id": "vid_deadlift",
          "equip": ["barbell"],
          "muscles": ["glutes","back"],
          "sets": 3,
          "reps":"5–8",
          "rest_s":150,
          "rpe":7,
          "notes_en": "Neutral spine throughout",
          "notes_ar": "عمود فقري محايد طوال الوقت"
        },
        {
          "ex_id": "chest_press_machine",
          "name_en": "Chest Press Machine",
          "name_ar": "جهاز ضغط الصدر",
          "video_id": "vid_chest_press_machine",
          "equip": ["machine"],
          "muscles": ["chest"],
          "sets": 3,
          "reps":"10–15",
          "rest_s":90,
          "notes_en": "Control the negative",
          "notes_ar": "تحكم في النزول"
        },
        {
          "ex_id": "wide_lat_pulldown",
          "name_en": "Wide Grip Lat Pulldown",
          "name_ar": "سحب عريض بقبضة واسعة",
          "video_id": "vid_wide_lat_pulldown",
          "equip": ["machine"],
          "muscles": ["lats"],
          "sets": 3,
          "reps":"8–12",
          "rest_s":90,
          "notes_en": "Lead with elbows",
          "notes_ar": "قُد بالمرفقين"
        },
        {
          "ex_id": "leg_extension",
          "name_en": "Leg Extension",
          "name_ar": "تمديد الساق",
          "video_id": "vid_leg_extension",
          "equip": ["machine"],
          "muscles": ["quads"],
          "sets": 3,
          "reps":"10–15",
          "rest_s":90,
          "notes_en": "Squeeze at top",
          "notes_ar": "اضغط في الأعلى"
        },
        {
          "ex_id": "hanging_knee_raise",
          "name_en": "Hanging Knee Raise",
          "name_ar": "رفع الركبة المعلق",
          "video_id": "vid_hanging_knee_raise",
          "equip": ["bodyweight"],
          "muscles": ["core"],
          "sets": 3,
          "reps":"8–12",
          "rest_s":60,
          "notes_en": "No swinging",
          "notes_ar": "بدون تأرجح"
        }
      ],
      "conditioning":{
        "type":"steady",
        "type_ar": "ثابت",
        "protocol": "Bike 25 minutes",
        "protocol_ar": "دراجة 25 دقيقة",
        "intensity": "Zone 2",
        "target_heart_rate": "65–75% max"
      }
    }
  ],
  "fitness_score": {
    "method": "weekly_projection",
    "components": {"adherence": 0.5, "strength": 0.3, "cardio": 0.2},
    "weekly_expected": [
      {"week": 1, "score": 69},
      {"week": 2, "score": 70},
      {"week": 3, "score": 72},
      {"week": 4, "score": 73},
      {"week": 5, "score": 75},
      {"week": 6, "score": 76},
      {"week": 7, "score": 78},
      {"week": 8, "score": 79},
      {"week": 9, "score": 81},
      {"week": 10, "score": 82},
      {"week": 11, "score": 81},
      {"week": 12, "score": 83}
    ]
  },
  "routing": {
    "injury_swaps": true,
    "equipment_swaps": true
  },
  "metadata": {
    "created_by": "system",
    "version": "1.0",
    "intake_level": "starter",
    "intake_questions_required": 3,
    "tags": ["fat_loss", "gym", "3_days", "full_body", "starter"]
  }
}