{
  "plan_id": "advanced_2d_multigoal_v1",
  "type": "advanced",
  "plan_version": "1.0",
  "name_en": "Advanced 2-Day Multi-Goal Program",
  "name_ar": "برنامج متعدد الأهداف لمدة يومين متقدم",
  "description_en": "Adaptive 2-day program with injury swaps, experience-based progression, and multiple goal variations",
  "description_ar": "برنامج تكيفي لمدة يومين مع تبديل الإصابات، تقدم يعتمد على الخبرة، وتنويعات أهداف متعددة",
  "training_days": 2,
  "weeks": 12,
  "supports_locations": ["home", "gym"],
  "supports_goals": ["fat_loss", "muscle_gain", "general_fitness"],
  "supports_experience_levels": ["beginner", "intermediate", "advanced"],
  "blocks": [
    {"block":1,"weeks":[1,2],"focus":"base technique","focus_ar":"تقنية الأساس","progression":"RPE 6→7"},
    {"block":2,"weeks":[3,4],"focus":"double progression","focus_ar":"تقدم مزدوج","progression":"+reps then +2.5–5% load"},
    {"block":3,"weeks":[5,6],"focus":"volume bump","focus_ar":"زيادة الحجم","progression":"+1 set big lifts"},
    {"block":4,"weeks":[7,8],"focus":"intensity touch","focus_ar":"لمسة الكثافة","progression":"top set @RPE8 + backoff −10%"},
    {"block":5,"weeks":[9,10],"focus":"density","focus_ar":"الكثافة","progression":"rest −15s where recovered"},
    {"block":6,"weeks":[11,12],"focus":"deload","focus_ar":"تخفيف الحمل","progression":"−40% volume, RPE 6"}
  ],
  "experience_adjustments": {
    "beginner": {"set_multiplier": 1.00, "intensity_bias": -0.25},
    "intermediate": {"set_multiplier": 1.10, "intensity_bias": 0.00},
    "advanced": {"set_multiplier": 1.20, "intensity_bias": 0.15}
  },
  "injury_swaps": {
    "knee_pain": {
      "patterns_blocked": ["deep_knee_flexion","running_impacts"],
      "swap_map": {
        "back_squat": ["box_squat_high","leg_press_partial","goblet_squat_high_box"],
        "walking_lunge": ["reverse_lunge_short_step","split_squat_vertical_shin"],
        "treadmill_run": ["bike_zone2","rower_zone2","incline_walk"]
      }
    },
    "lower_back_pain": {
      "patterns_blocked": ["heavy_hip_hinge","axial_loading"],
      "swap_map": {
        "deadlift": ["trap_bar_deadlift_light","hip_thrust","45deg_back_extension_bw"],
        "barbell_row": ["chest_supported_row","seated_cable_row"],
        "back_squat": ["goblet_squat","leg_press","hack_squat_light"]
      }
    },
    "shoulder_pain": {
      "patterns_blocked": ["overhead_pressing"],
      "swap_map": {
        "bench_press": ["chest_press_machine","incline_db_press_neutral"],
        "overhead_press": ["machine_shoulder_press","landmine_press"]
      }
    }
  },
  "exercises": [
    {"ex_id":"back_squat","name_en":"Back Squat","name_ar":"سكوات خلفي","video_id":"vid_back_squat","equip":["barbell"],"muscles":["quads","glutes","core"]},
    {"ex_id":"leg_press","name_en":"Leg Press","name_ar":"ضغط الساق","video_id":"vid_leg_press","equip":["machine"],"muscles":["quads","glutes"]},
    {"ex_id":"goblet_squat","name_en":"Goblet Squat","name_ar":"سكوات غوبلت","video_id":"vid_goblet_squat","equip":["dumbbell"],"muscles":["quads","glutes","core"]},
    {"ex_id":"deadlift","name_en":"Deadlift","name_ar":"رفعة ميتة","video_id":"vid_deadlift","equip":["barbell"],"muscles":["glutes","hamstrings","back"]},
    {"ex_id":"romanian_deadlift","name_en":"Romanian Deadlift","name_ar":"رفعة رومانية","video_id":"vid_rdl","equip":["barbell","dumbbell"],"muscles":["hamstrings","glutes"]},
    {"ex_id":"hip_thrust","name_en":"Hip Thrust","name_ar":"دفع الورك","video_id":"vid_hip_thrust","equip":["barbell","bench"],"muscles":["glutes"]},
    {"ex_id":"bench_press","name_en":"Bench Press","name_ar":"ضغط البنش","video_id":"vid_bench_press","equip":["barbell"],"muscles":["chest","triceps","front_delts"]},
    {"ex_id":"incline_db_press","name_en":"Incline DB Press","name_ar":"ضغط دمبل مائل","video_id":"vid_incline_db_press","equip":["dumbbell"],"muscles":["chest","front_delts"]},
    {"ex_id":"chest_press_machine","name_en":"Chest Press Machine","name_ar":"جهاز ضغط الصدر","video_id":"vid_chest_press_machine","equip":["machine"],"muscles":["chest","triceps"]},
    {"ex_id":"lat_pulldown","name_en":"Lat Pulldown","name_ar":"سحب عريض","video_id":"vid_lat_pulldown","equip":["machine"],"muscles":["lats","biceps"]},
    {"ex_id":"seated_row","name_en":"Seated Row","name_ar":"تجديف جالس","video_id":"vid_seated_row","equip":["machine"],"muscles":["back","biceps"]},
    {"ex_id":"one_arm_db_row","name_en":"One-arm DB Row","name_ar":"تجديف دمبل بذراع واحدة","video_id":"vid_one_arm_db_row","equip":["dumbbell"],"muscles":["back","biceps"]},
    {"ex_id":"overhead_press","name_en":"Overhead Press","name_ar":"ضغط فوق الرأس","video_id":"vid_ohp","equip":["barbell"],"muscles":["front_delts","triceps"]},
    {"ex_id":"machine_shoulder_press","name_en":"Shoulder Press Machine","name_ar":"جهاز ضغط الكتف","video_id":"vid_machine_shoulder_press","equip":["machine"],"muscles":["delts"]},
    {"ex_id":"db_lateral_raise","name_en":"DB Lateral Raise","name_ar":"رفع جانبي بالدمبل","video_id":"vid_lateral_raise","equip":["dumbbell"],"muscles":["side_delts"]},
    {"ex_id":"plank","name_en":"Plank","name_ar":"بلانك","video_id":"vid_plank","equip":["bodyweight"],"muscles":["core"]},
    {"ex_id":"dead_bug","name_en":"Dead Bug","name_ar":"حشرة ميتة","video_id":"vid_dead_bug","equip":["bodyweight"],"muscles":["core"]}
  ],
  "programs": {
    "home": {
      "fat_loss": {
        "beginner": [
          {
            "day": 1,
            "name_en": "FB Strength + Intervals",
            "name_ar": "قوة الجسم الكامل + فواصل",
            "work": [
              {"ex_id":"goblet_squat","sets":3,"reps":"8–12","rpe":7,"rest_s":90,"notes_en":"Control descent","notes_ar":"تحكم في النزول"},
              {"ex_id":"incline_db_press","sets":3,"reps":"8–12","rpe":7,"rest_s":90,"notes_en":"30-45° incline","notes_ar":"ميل 30-45 درجة"},
              {"ex_id":"one_arm_db_row","sets":3,"reps":"8–12","rpe":7,"rest_s":90,"notes_en":"Keep torso still","notes_ar":"أبقِ الجذع ثابتًا"},
              {"ex_id":"db_lateral_raise","sets":2,"reps":"12–15","rpe":6.5,"rest_s":60,"notes_en":"Slight elbow bend","notes_ar":"انحناء خفيف في الكوع"},
              {"ex_id":"plank","sets":3,"reps":"30–45s","rest_s":60,"notes_en":"Straight body line","notes_ar":"خط جسم مستقيم"}
            ],
            "conditioning":{"type":"intervals","type_ar":"فواصل","protocol":"30/30 × 10","protocol_ar":"30/30 × 10","target_zone":"75–85% HRmax","duration_min":10}
          },
          {
            "day": 2,
            "name_en": "Lower-Hinge + Push-Pull",
            "name_ar": "الجزء السفلي + دفع سحب",
            "work": [
              {"ex_id":"romanian_deadlift","sets":3,"reps":"8–12","rpe":7,"rest_s":90,"notes_en":"Hip hinge pattern","notes_ar":"نمط حركة الورك"},
              {"ex_id":"incline_db_press","sets":3,"reps":"8–12","rpe":7,"rest_s":90,"notes_en":"Full ROM","notes_ar":"نطاق حركة كامل"},
              {"ex_id":"one_arm_db_row","sets":3,"reps":"8–12","rpe":7,"rest_s":90,"notes_en":"Pull to hip","notes_ar":"اسحب إلى الورك"},
              {"ex_id":"dead_bug","sets":3,"reps":"10/side","rest_s":60,"notes_en":"Maintain lower back contact","notes_ar":"حافظ على تلامس أسفل الظهر"}
            ],
            "conditioning":{"type":"steady","type_ar":"ثابت","protocol":"Zone 2 20–25m","protocol_ar":"منطقة 2، 20-25 دقيقة","note":"conversational pace","duration_min":22}
          }
        ],
        "intermediate": [
          {
            "day": 1,
            "name_en": "FB Strength + Intervals",
            "name_ar": "قوة الجسم الكامل + فواصل",
            "work": [
              {"ex_id":"goblet_squat","sets":4,"reps":"8–12","rpe":7.5,"rest_s":90},
              {"ex_id":"incline_db_press","sets":4,"reps":"8–12","rpe":7.5,"rest_s":90},
              {"ex_id":"one_arm_db_row","sets":4,"reps":"8–12","rpe":7.5,"rest_s":90},
              {"ex_id":"db_lateral_raise","sets":3,"reps":"12–15","rpe":7,"rest_s":60}
            ],
            "conditioning":{"type":"intervals","type_ar":"فواصل","protocol":"30/30 × 12","protocol_ar":"30/30 × 12","target_zone":"80–85% HRmax","duration_min":12}
          },
          {
            "day": 2,
            "name_en": "Lower-Hinge + Push-Pull",
            "name_ar": "الجزء السفلي + دفع سحب",
            "work": [
              {"ex_id":"romanian_deadlift","sets":4,"reps":"8–12","rpe":7.5,"rest_s":90},
              {"ex_id":"incline_db_press","sets":3,"reps":"8–12","rpe":7.5,"rest_s":90},
              {"ex_id":"one_arm_db_row","sets":3,"reps":"8–12","rpe":7.5,"rest_s":90},
              {"ex_id":"dead_bug","sets":3,"reps":"10–12/side","rest_s":60}
            ],
            "conditioning":{"type":"steady","type_ar":"ثابت","protocol":"Zone 2 25–30m","protocol_ar":"منطقة 2، 25-30 دقيقة","duration_min":27}
          }
        ],
        "advanced": [
          {
            "day": 1,
            "name_en": "FB Strength + Intervals",
            "name_ar": "قوة الجسم الكامل + فواصل",
            "work": [
              {"ex_id":"goblet_squat","sets":4,"reps":"8–12","rpe":8,"rest_s":90},
              {"ex_id":"incline_db_press","sets":4,"reps":"8–12","rpe":8,"rest_s":90},
              {"ex_id":"one_arm_db_row","sets":4,"reps":"8–12","rpe":8,"rest_s":90},
              {"ex_id":"db_lateral_raise","sets":3,"reps":"12–15","rpe":7.5,"rest_s":60},
              {"ex_id":"plank","sets":3,"reps":"35–50s","rest_s":60}
            ],
            "conditioning":{"type":"intervals","type_ar":"فواصل","protocol":"30/30 × 14","protocol_ar":"30/30 × 14","target_zone":"82–88% HRmax","duration_min":14}
          },
          {
            "day": 2,
            "name_en": "Lower-Hinge + Push-Pull",
            "name_ar": "الجزء السفلي + دفع سحب",
            "work": [
              {"ex_id":"romanian_deadlift","sets":4,"reps":"8–12","rpe":8,"rest_s":90},
              {"ex_id":"incline_db_press","sets":4,"reps":"8–12","rpe":8,"rest_s":90},
              {"ex_id":"one_arm_db_row","sets":4,"reps":"8–12","rpe":8,"rest_s":90},
              {"ex_id":"dead_bug","sets":3,"reps":"12/side","rest_s":60}
            ],
            "conditioning":{"type":"steady","type_ar":"ثابت","protocol":"Zone 2 30–35m","protocol_ar":"منطقة 2، 30-35 دقيقة","duration_min":32}
          }
        ]
      },
      "muscle_gain": {
        "beginner": [
          {"day":1,"name_en":"Upper Emphasis","name_ar":"التركيز على الجزء العلوي","work":[
            {"ex_id":"incline_db_press","sets":4,"reps":"8–12","rpe":7,"rest_s":90},
            {"ex_id":"one_arm_db_row","sets":4,"reps":"8–12","rpe":7,"rest_s":90},
            {"ex_id":"db_lateral_raise","sets":3,"reps":"12–15","rpe":7,"rest_s":60},
            {"ex_id":"plank","sets":3,"reps":"30–45s","rest_s":60}]},
          {"day":2,"name_en":"Lower Emphasis","name_ar":"التركيز على الجزء السفلي","work":[
            {"ex_id":"goblet_squat","sets":4,"reps":"8–12","rpe":7,"rest_s":90},
            {"ex_id":"romanian_deadlift","sets":3,"reps":"8–12","rpe":7,"rest_s":90},
            {"ex_id":"dead_bug","sets":3,"reps":"10/side","rest_s":60}]}
        ],
        "intermediate": [
          {"day":1,"name_en":"Upper Emphasis","name_ar":"التركيز على الجزء العلوي","work":[
            {"ex_id":"incline_db_press","sets":4,"reps":"8–12","rpe":7.5,"rest_s":90},
            {"ex_id":"one_arm_db_row","sets":4,"reps":"8–12","rpe":7.5,"rest_s":90},
            {"ex_id":"db_lateral_raise","sets":3,"reps":"12–15","rpe":7.5,"rest_s":60}]},
          {"day":2,"name_en":"Lower Emphasis","name_ar":"التركيز على الجزء السفلي","work":[
            {"ex_id":"goblet_squat","sets":4,"reps":"8–12","rpe":7.5,"rest_s":90},
            {"ex_id":"romanian_deadlift","sets":4,"reps":"8–12","rpe":7.5,"rest_s":90},
            {"ex_id":"dead_bug","sets":3,"reps":"10–12/side","rest_s":60}]}
        ],
        "advanced": [
          {"day":1,"name_en":"Upper Emphasis","name_ar":"التركيز على الجزء العلوي","work":[
            {"ex_id":"incline_db_press","sets":5,"reps":"8–12","rpe":8,"rest_s":90},
            {"ex_id":"one_arm_db_row","sets":5,"reps":"8–12","rpe":8,"rest_s":90},
            {"ex_id":"db_lateral_raise","sets":4,"reps":"12–15","rpe":8,"rest_s":60}]},
          {"day":2,"name_en":"Lower Emphasis","name_ar":"التركيز على الجزء السفلي","work":[
            {"ex_id":"goblet_squat","sets":5,"reps":"8–12","rpe":8,"rest_s":90},
            {"ex_id":"romanian_deadlift","sets":4,"reps":"8–12","rpe":8,"rest_s":90},
            {"ex_id":"dead_bug","sets":3,"reps":"12/side","rest_s":60}]}
        ]
      },
      "general_fitness": {
        "beginner": [
          {"day":1,"name_en":"FB A","name_ar":"الجسم الكامل أ","work":[
            {"ex_id":"goblet_squat","sets":3,"reps":"8–12","rpe":7,"rest_s":90},
            {"ex_id":"incline_db_press","sets":3,"reps":"8–12","rpe":7,"rest_s":90},
            {"ex_id":"one_arm_db_row","sets":3,"reps":"8–12","rpe":7,"rest_s":90}]},
          {"day":2,"name_en":"FB B + Zone2","name_ar":"الجسم الكامل ب + منطقة 2","work":[
            {"ex_id":"romanian_deadlift","sets":3,"reps":"8–12","rpe":7,"rest_s":90},
            {"ex_id":"incline_db_press","sets":2,"reps":"8–12","rpe":7,"rest_s":90},
            {"ex_id":"one_arm_db_row","sets":2,"reps":"10–12","rpe":7,"rest_s":90},
            {"ex_id":"plank","sets":3,"reps":"25–40s","rest_s":60}],
            "conditioning":{"type":"steady","type_ar":"ثابت","protocol":"Zone 2 20–25m","protocol_ar":"منطقة 2، 20-25 دقيقة","duration_min":22}}
        ],
        "intermediate": [
          {"day":1,"name_en":"FB A","name_ar":"الجسم الكامل أ","work":[
            {"ex_id":"goblet_squat","sets":4,"reps":"8–12","rpe":7.5,"rest_s":90},
            {"ex_id":"incline_db_press","sets":4,"reps":"8–12","rpe":7.5,"rest_s":90},
            {"ex_id":"one_arm_db_row","sets":4,"reps":"8–12","rpe":7.5,"rest_s":90}]},
          {"day":2,"name_en":"FB B + Zone2","name_ar":"الجسم الكامل ب + منطقة 2","work":[
            {"ex_id":"romanian_deadlift","sets":4,"reps":"8–12","rpe":7.5,"rest_s":90},
            {"ex_id":"incline_db_press","sets":3,"reps":"8–12","rpe":7.5,"rest_s":90},
            {"ex_id":"one_arm_db_row","sets":3,"reps":"8–12","rpe":7.5,"rest_s":90},
            {"ex_id":"plank","sets":3,"reps":"30–45s","rest_s":60}],
            "conditioning":{"type":"steady","type_ar":"ثابت","protocol":"Zone 2 25–30m","protocol_ar":"منطقة 2، 25-30 دقيقة","duration_min":27}}
        ],
        "advanced": [
          {"day":1,"name_en":"FB A","name_ar":"الجسم الكامل أ","work":[
            {"ex_id":"goblet_squat","sets":4,"reps":"8–12","rpe":8,"rest_s":90},
            {"ex_id":"incline_db_press","sets":4,"reps":"8–12","rpe":8,"rest_s":90},
            {"ex_id":"one_arm_db_row","sets":4,"reps":"8–12","rpe":8,"rest_s":90}]},
          {"day":2,"name_en":"FB B + Zone2","name_ar":"الجسم الكامل ب + منطقة 2","work":[
            {"ex_id":"romanian_deadlift","sets":4,"reps":"8–12","rpe":8,"rest_s":90},
            {"ex_id":"incline_db_press","sets":3,"reps":"8–12","rpe":8,"rest_s":90},
            {"ex_id":"one_arm_db_row","sets":3,"reps":"8–12","rpe":8,"rest_s":90},
            {"ex_id":"plank","sets":3,"reps":"35–50s","rest_s":60}],
            "conditioning":{"type":"steady","type_ar":"ثابت","protocol":"Zone 2 30–35m","protocol_ar":"منطقة 2، 30-35 دقيقة","duration_min":32}}
        ]
      }
    },
    "gym": {
      "fat_loss": {
        "beginner": [
          {"day":1,"name_en":"FB Strength + Intervals","name_ar":"قوة الجسم الكامل + فواصل","work":[
            {"ex_id":"back_squat","sets":3,"reps":"6–10","rpe":7,"rest_s":120},
            {"ex_id":"bench_press","sets":3,"reps":"6–10","rpe":7,"rest_s":120},
            {"ex_id":"lat_pulldown","sets":3,"reps":"8–12","rpe":7,"rest_s":90},
            {"ex_id":"plank","sets":3,"reps":"30–45s","rest_s":60}],
            "conditioning":{"type":"intervals","type_ar":"فواصل","protocol":"row 30/30 × 10","protocol_ar":"تجديف 30/30 × 10","duration_min":10}},
          {"day":2,"name_en":"Lower Hinge + Upper","name_ar":"حركة الجزء السفلي + العلوي","work":[
            {"ex_id":"romanian_deadlift","sets":3,"reps":"8–12","rpe":7,"rest_s":120},
            {"ex_id":"incline_db_press","sets":3,"reps":"8–12","rpe":7,"rest_s":90},
            {"ex_id":"seated_row","sets":3,"reps":"8–12","rpe":7,"rest_s":90}],
            "conditioning":{"type":"steady","type_ar":"ثابت","protocol":"bike 20–25m","protocol_ar":"دراجة 20-25 دقيقة","duration_min":22}}
        ],
        "intermediate": [
          {"day":1,"name_en":"FB Strength + Intervals","name_ar":"قوة الجسم الكامل + فواصل","work":[
            {"ex_id":"back_squat","sets":4,"reps":"6–10","rpe":7.5,"rest_s":120},
            {"ex_id":"bench_press","sets":4,"reps":"6–10","rpe":7.5,"rest_s":120},
            {"ex_id":"lat_pulldown","sets":3,"reps":"8–12","rpe":7.5,"rest_s":90}],
            "conditioning":{"type":"intervals","type_ar":"فواصل","protocol":"row 30/30 × 12","protocol_ar":"تجديف 30/30 × 12","duration_min":12}},
          {"day":2,"name_en":"Lower Hinge + Upper","name_ar":"حركة الجزء السفلي + العلوي","work":[
            {"ex_id":"romanian_deadlift","sets":4,"reps":"8–12","rpe":7.5,"rest_s":120},
            {"ex_id":"incline_db_press","sets":3,"reps":"8–12","rpe":7.5,"rest_s":90},
            {"ex_id":"seated_row","sets":3,"reps":"8–12","rpe":7.5,"rest_s":90}],
            "conditioning":{"type":"steady","type_ar":"ثابت","protocol":"bike 25–30m","protocol_ar":"دراجة 25-30 دقيقة","duration_min":27}}
        ],
        "advanced": [
          {"day":1,"name_en":"FB Strength + Intervals","name_ar":"قوة الجسم الكامل + فواصل","work":[
            {"ex_id":"back_squat","sets":4,"reps":"6–10","rpe":8,"rest_s":120},
            {"ex_id":"bench_press","sets":4,"reps":"6–10","rpe":8,"rest_s":120},
            {"ex_id":"lat_pulldown","sets":4,"reps":"8–12","rpe":8,"rest_s":90}],
            "conditioning":{"type":"intervals","type_ar":"فواصل","protocol":"row 30/30 × 14","protocol_ar":"تجديف 30/30 × 14","duration_min":14}},
          {"day":2,"name_en":"Lower Hinge + Upper","name_ar":"حركة الجزء السفلي + العلوي","work":[
            {"ex_id":"romanian_deadlift","sets":4,"reps":"8–12","rpe":8,"rest_s":120},
            {"ex_id":"incline_db_press","sets":4,"reps":"8–12","rpe":8,"rest_s":90},
            {"ex_id":"seated_row","sets":4,"reps":"8–12","rpe":8,"rest_s":90}],
            "conditioning":{"type":"steady","type_ar":"ثابت","protocol":"bike 30–35m","protocol_ar":"دراجة 30-35 دقيقة","duration_min":32}}
        ]
      },
      "muscle_gain": {
        "beginner": [
          {"day":1,"name_en":"Upper","name_ar":"الجزء العلوي","work":[
            {"ex_id":"bench_press","sets":4,"reps":"6–10","rpe":7.5,"rest_s":120},
            {"ex_id":"seated_row","sets":4,"reps":"8–12","rpe":7,"rest_s":90},
            {"ex_id":"db_lateral_raise","sets":3,"reps":"12–15","rpe":7,"rest_s":60}]},
          {"day":2,"name_en":"Lower","name_ar":"الجزء السفلي","work":[
            {"ex_id":"back_squat","sets":4,"reps":"6–10","rpe":7.5,"rest_s":120},
            {"ex_id":"romanian_deadlift","sets":3,"reps":"8–12","rpe":7.5,"rest_s":120},
            {"ex_id":"plank","sets":3,"reps":"30–45s","rest_s":60}]}
        ],
        "intermediate": [
          {"day":1,"name_en":"Upper","name_ar":"الجزء العلوي","work":[
            {"ex_id":"bench_press","sets":4,"reps":"6–10","rpe":7.5,"rest_s":120},
            {"ex_id":"seated_row","sets":4,"reps":"8–12","rpe":7.5,"rest_s":90},
            {"ex_id":"db_lateral_raise","sets":3,"reps":"12–15","rpe":7.5,"rest_s":60}]},
          {"day":2,"name_en":"Lower","name_ar":"الجزء السفلي","work":[
            {"ex_id":"back_squat","sets":4,"reps":"6–10","rpe":7.5,"rest_s":120},
            {"ex_id":"romanian_deadlift","sets":4,"reps":"8–12","rpe":7.5,"rest_s":120},
            {"ex_id":"plank","sets":3,"reps":"30–45s","rest_s":60}]}
        ],
        "advanced": [
          {"day":1,"name_en":"Upper","name_ar":"الجزء العلوي","work":[
            {"ex_id":"bench_press","sets":5,"reps":"6–10","rpe":8,"rest_s":120},
            {"ex_id":"seated_row","sets":5,"reps":"8–12","rpe":8,"rest_s":90},
            {"ex_id":"db_lateral_raise","sets":4,"reps":"12–15","rpe":8,"rest_s":60}]},
          {"day":2,"name_en":"Lower","name_ar":"الجزء السفلي","work":[
            {"ex_id":"back_squat","sets":5,"reps":"6–10","rpe":8,"rest_s":120},
            {"ex_id":"romanian_deadlift","sets":4,"reps":"8–12","rpe":8,"rest_s":120},
            {"ex_id":"plank","sets":3,"reps":"35–50s","rest_s":60}]}
        ]
      },
      "general_fitness": {
        "beginner": [
          {"day":1,"name_en":"FB A","name_ar":"الجسم الكامل أ","work":[
            {"ex_id":"leg_press","sets":3,"reps":"10–15","rpe":7,"rest_s":90},
            {"ex_id":"chest_press_machine","sets":3,"reps":"10–15","rpe":7,"rest_s":90},
            {"ex_id":"lat_pulldown","sets":3,"reps":"8–12","rpe":7,"rest_s":90}]},
          {"day":2,"name_en":"FB B + Zone2","name_ar":"الجسم الكامل ب + منطقة 2","work":[
            {"ex_id":"back_squat","sets":3,"reps":"6–10","rpe":7,"rest_s":120},
            {"ex_id":"incline_db_press","sets":2,"reps":"8–12","rpe":7,"rest_s":90},
            {"ex_id":"seated_row","sets":2,"reps":"8–12","rpe":7,"rest_s":90}],
            "conditioning":{"type":"steady","type_ar":"ثابت","protocol":"treadmill walk 20–25m Zone2","protocol_ar":"مشي على جهاز المشي 20-25 دقيقة منطقة 2","duration_min":22}}
        ],
        "intermediate": [
          {"day":1,"name_en":"FB A","name_ar":"الجسم الكامل أ","work":[
            {"ex_id":"leg_press","sets":4,"reps":"10–15","rpe":7.5,"rest_s":90},
            {"ex_id":"chest_press_machine","sets":4,"reps":"10–15","rpe":7.5,"rest_s":90},
            {"ex_id":"lat_pulldown","sets":3,"reps":"8–12","rpe":7.5,"rest_s":90}]},
          {"day":2,"name_en":"FB B + Zone2","name_ar":"الجسم الكامل ب + منطقة 2","work":[
            {"ex_id":"back_squat","sets":4,"reps":"6–10","rpe":7.5,"rest_s":120},
            {"ex_id":"incline_db_press","sets":3,"reps":"8–12","rpe":7.5,"rest_s":90},
            {"ex_id":"seated_row","sets":3,"reps":"8–12","rpe":7.5,"rest_s":90}],
            "conditioning":{"type":"steady","type_ar":"ثابت","protocol":"treadmill walk 25–30m Zone2","protocol_ar":"مشي على جهاز المشي 25-30 دقيقة منطقة 2","duration_min":27}}
        ],
        "advanced": [
          {"day":1,"name_en":"FB A","name_ar":"الجسم الكامل أ","work":[
            {"ex_id":"leg_press","sets":4,"reps":"10–15","rpe":8,"rest_s":90},
            {"ex_id":"chest_press_machine","sets":4,"reps":"10–15","rpe":8,"rest_s":90},
            {"ex_id":"lat_pulldown","sets":4,"reps":"8–12","rpe":8,"rest_s":90}]},
          {"day":2,"name_en":"FB B + Zone2","name_ar":"الجسم الكامل ب + منطقة 2","work":[
            {"ex_id":"back_squat","sets":4,"reps":"6–10","rpe":8,"rest_s":120},
            {"ex_id":"incline_db_press","sets":3,"reps":"8–12","rpe":8,"rest_s":90},
            {"ex_id":"seated_row","sets":3,"reps":"8–12","rpe":8,"rest_s":90}],
            "conditioning":{"type":"steady","type_ar":"ثابت","protocol":"treadmill walk 30–35m Zone2","protocol_ar":"مشي على جهاز المشي 30-35 دقيقة منطقة 2","duration_min":32}}
        ]
      }
    }
  },
  "fitness_score": {
    "method": "weekly_projection",
    "weights": {"adherence":0.5,"strength":0.3,"cardio":0.2},
    "by_experience": {
      "beginner": [
        {"week":1,"score":66},{"week":2,"score":67},{"week":3,"score":69},{"week":4,"score":70},
        {"week":5,"score":72},{"week":6,"score":73},{"week":7,"score":75},{"week":8,"score":76},
        {"week":9,"score":78},{"week":10,"score":79},{"week":11,"score":78},{"week":12,"score":80}
      ],
      "intermediate": [
        {"week":1,"score":68},{"week":2,"score":69},{"week":3,"score":71},{"week":4,"score":72},
        {"week":5,"score":74},{"week":6,"score":75},{"week":7,"score":77},{"week":8,"score":78},
        {"week":9,"score":80},{"week":10,"score":81},{"week":11,"score":80},{"week":12,"score":82}
      ],
      "advanced": [
        {"week":1,"score":69},{"week":2,"score":70},{"week":3,"score":72},{"week":4,"score":73},
        {"week":5,"score":75},{"week":6,"score":76},{"week":7,"score":78},{"week":8,"score":79},
        {"week":9,"score":81},{"week":10,"score":82},{"week":11,"score":81},{"week":12,"score":83}
      ]
    }
  },
  "routing": {
    "injury_swaps": true,
    "equipment_swaps": true
  },
  "metadata": {
    "created_by": "system",
    "version": "1.0",
    "intake_level": "advanced",
    "intake_questions_required": "full",
    "tags": ["2_days", "multi_goal", "adaptive", "injury_aware", "experience_based"]
  }
}
