{
  "plan_id": "premium_3d_v1",
  "type": "advanced",
  "plan_version": "1.0",
  "name_en": "Premium 3-Day Program",
  "name_ar": "برنامج بريميوم 3 أيام",
  "description_en": "Adaptive 3-day full body program with injury swaps and experience-based progression",
  "description_ar": "برنامج 3 أيام للجسم الكامل مع تبديل الإصابات والتقدم بناءً على الخبرة",
  "training_days": 3,
  "weeks": 12,
  "supports_locations": ["home", "gym"],
  "supports_goals": ["fat_loss", "muscle_gain", "general_fitness"],
  "supports_experience_levels": ["beginner", "intermediate", "advanced"],
  "blocks": [
    {"block":1,"weeks":[1,2],"focus":"technique mastery","focus_ar":"إتقان التقنية","progression":"RPE 6.5→7"},
    {"block":2,"weeks":[3,4],"focus":"progressive overload","focus_ar":"الحمل التدريجي","progression":"reps + then load +"},
    {"block":3,"weeks":[5,6],"focus":"volume emphasis","focus_ar":"تركيز الحجم","progression":"+1 set main lifts"},
    {"block":4,"weeks":[7,8],"focus":"intensity wave","focus_ar":"موجة الكثافة","progression":"top set RPE8, backoff"},
    {"block":5,"weeks":[9,10],"focus":"peak performance","focus_ar":"ذروة الأداء","progression":"max volume + intensity"},
    {"block":6,"weeks":[11,12],"focus":"recovery + realization","focus_ar":"الاسترداد والتحقيق","progression":"−35% volume, RPE 6.5"}
  ],
  "experience_adjustments": {
    "beginner": {"set_multiplier": 1.00, "intensity_bias": -0.3},
    "intermediate": {"set_multiplier": 1.15, "intensity_bias": 0.0},
    "advanced": {"set_multiplier": 1.30, "intensity_bias": 0.2}
  },
  "injury_swaps": {
    "knee_pain": {"swap_map": {"back_squat": ["goblet_squat", "leg_press"], "walking_lunge": ["reverse_lunge"]}},
    "lower_back_pain": {"swap_map": {"deadlift": ["hip_thrust"], "barbell_row": ["seated_row"]}},
    "shoulder_pain": {"swap_map": {"bench_press": ["chest_press_machine"], "overhead_press": ["landmine_press"]}}
  },
  "programs": {
    "gym": {
      "fat_loss": {
        "beginner": [
          {"day":1,"name_en":"Full Body A","name_ar":"الجسم الكامل أ","work":[
            {"ex_id":"back_squat","sets":3,"reps":"8–10","rpe":6.5,"rest_s":120},
            {"ex_id":"bench_press","sets":3,"reps":"8–10","rpe":6.5,"rest_s":120},
            {"ex_id":"lat_pulldown","sets":3,"reps":"10–12","rpe":6.5,"rest_s":90},
            {"ex_id":"plank","sets":3,"reps":"40s","rest_s":60}
          ],"conditioning":{"type":"intervals","protocol":"Rower 30/30 × 10","duration_min":10}},
          {"day":2,"name_en":"Full Body B","name_ar":"الجسم الكامل ب","work":[
            {"ex_id":"romanian_deadlift","sets":3,"reps":"10–12","rpe":6.5,"rest_s":120},
            {"ex_id":"incline_db_press","sets":3,"reps":"10–12","rpe":6.5,"rest_s":90},
            {"ex_id":"seated_row","sets":3,"reps":"10–12","rpe":6.5,"rest_s":90},
            {"ex_id":"leg_curl","sets":3,"reps":"12–15","rpe":6,"rest_s":75}
          ],"conditioning":{"type":"steady","protocol":"Bike 20 min Zone 2","duration_min":20}},
          {"day":3,"name_en":"Full Body C + Metabolic","name_ar":"الجسم الكامل ج + أيضي","work":[
            {"ex_id":"goblet_squat","sets":3,"reps":"15","rpe":6.5,"rest_s":60},
            {"ex_id":"push_up","sets":3,"reps":"12","rpe":6.5,"rest_s":60},
            {"ex_id":"db_row","sets":3,"reps":"12","rpe":6.5,"rest_s":60},
            {"ex_id":"dead_bug","sets":3,"reps":"10/side","rest_s":45}
          ],"conditioning":{"type":"circuit","protocol":"KB Swings 15 / Box Jump 10 / Battle Rope 30s × 4","duration_min":12}}
        ],
        "intermediate": [
          {"day":1,"name_en":"Full Body A","name_ar":"الجسم الكامل أ","work":[
            {"ex_id":"back_squat","sets":4,"reps":"8–10","rpe":7,"rest_s":120},
            {"ex_id":"bench_press","sets":4,"reps":"8–10","rpe":7,"rest_s":120},
            {"ex_id":"lat_pulldown","sets":4,"reps":"10–12","rpe":7,"rest_s":90},
            {"ex_id":"plank","sets":3,"reps":"50s","rest_s":60}
          ],"conditioning":{"type":"intervals","protocol":"Rower 30/30 × 12","duration_min":12}},
          {"day":2,"name_en":"Full Body B","name_ar":"الجسم الكامل ب","work":[
            {"ex_id":"romanian_deadlift","sets":4,"reps":"10–12","rpe":7,"rest_s":120},
            {"ex_id":"incline_db_press","sets":4,"reps":"10–12","rpe":7,"rest_s":90},
            {"ex_id":"seated_row","sets":4,"reps":"10–12","rpe":7,"rest_s":90},
            {"ex_id":"leg_curl","sets":3,"reps":"12–15","rpe":6.5,"rest_s":75}
          ],"conditioning":{"type":"steady","protocol":"Bike 25 min Zone 2","duration_min":25}},
          {"day":3,"name_en":"Full Body C + Metabolic","name_ar":"الجسم الكامل ج + أيضي","work":[
            {"ex_id":"goblet_squat","sets":4,"reps":"18","rpe":7,"rest_s":60},
            {"ex_id":"push_up","sets":4,"reps":"15","rpe":7,"rest_s":60},
            {"ex_id":"db_row","sets":4,"reps":"12","rpe":7,"rest_s":60},
            {"ex_id":"dead_bug","sets":3,"reps":"12/side","rest_s":45}
          ],"conditioning":{"type":"circuit","protocol":"KB Swings 20 / Box Jump 12 / Battle Rope 40s × 5","duration_min":15}}
        ],
        "advanced": [
          {"day":1,"name_en":"Full Body A","name_ar":"الجسم الكامل أ","work":[
            {"ex_id":"back_squat","sets":5,"reps":"8–10","rpe":7.5,"rest_s":120},
            {"ex_id":"bench_press","sets":5,"reps":"8–10","rpe":7.5,"rest_s":120},
            {"ex_id":"lat_pulldown","sets":5,"reps":"10–12","rpe":7.5,"rest_s":90},
            {"ex_id":"plank","sets":3,"reps":"60s","rest_s":60}
          ],"conditioning":{"type":"intervals","protocol":"Rower 30/30 × 15","duration_min":15}},
          {"day":2,"name_en":"Full Body B","name_ar":"الجسم الكامل ب","work":[
            {"ex_id":"romanian_deadlift","sets":5,"reps":"10–12","rpe":7.5,"rest_s":120},
            {"ex_id":"incline_db_press","sets":5,"reps":"10–12","rpe":7.5,"rest_s":90},
            {"ex_id":"seated_row","sets":5,"reps":"10–12","rpe":7.5,"rest_s":90},
            {"ex_id":"leg_curl","sets":4,"reps":"12–15","rpe":7,"rest_s":75}
          ],"conditioning":{"type":"steady","protocol":"Bike 30 min Zone 2","duration_min":30}},
          {"day":3,"name_en":"Full Body C + Metabolic","name_ar":"الجسم الكامل ج + أيضي","work":[
            {"ex_id":"goblet_squat","sets":5,"reps":"20","rpe":7.5,"rest_s":60},
            {"ex_id":"push_up","sets":5,"reps":"18–20","rpe":7.5,"rest_s":60},
            {"ex_id":"db_row","sets":5,"reps":"15","rpe":7.5,"rest_s":60},
            {"ex_id":"dead_bug","sets":3,"reps":"15/side","rest_s":45}
          ],"conditioning":{"type":"circuit","protocol":"KB Swings 25 / Box Jump 15 / Battle Rope 50s × 6","duration_min":18}}
        ]
      },
      "muscle_gain": {
        "beginner": [
          {"day":1,"name_en":"Full Body A","name_ar":"الجسم الكامل أ","work":[
            {"ex_id":"back_squat","sets":4,"reps":"6–10","rpe":7,"rest_s":180},
            {"ex_id":"bench_press","sets":4,"reps":"6–10","rpe":7,"rest_s":180},
            {"ex_id":"barbell_row","sets":4,"reps":"8–10","rpe":7,"rest_s":150},
            {"ex_id":"plank","sets":3,"reps":"40s","rest_s":60}
          ]},
          {"day":2,"name_en":"Full Body B","name_ar":"الجسم الكامل ب","work":[
            {"ex_id":"deadlift","sets":4,"reps":"5–8","rpe":7.5,"rest_s":210},
            {"ex_id":"overhead_press","sets":4,"reps":"8–10","rpe":7,"rest_s":150},
            {"ex_id":"lat_pulldown","sets":4,"reps":"10–12","rpe":7,"rest_s":120},
            {"ex_id":"leg_curl","sets":3,"reps":"12–15","rpe":6.5,"rest_s":90}
          ]},
          {"day":3,"name_en":"Full Body C","name_ar":"الجسم الكامل ج","work":[
            {"ex_id":"leg_press","sets":4,"reps":"12–15","rpe":7,"rest_s":150},
            {"ex_id":"incline_db_press","sets":4,"reps":"10–12","rpe":7,"rest_s":120},
            {"ex_id":"seated_row","sets":4,"reps":"10–12","rpe":7,"rest_s":120},
            {"ex_id":"calf_raise","sets":4,"reps":"15–20","rest_s":60}
          ]}
        ],
        "intermediate": [
          {"day":1,"name_en":"Full Body A","name_ar":"الجسم الكامل أ","work":[
            {"ex_id":"back_squat","sets":5,"reps":"6–10","rpe":7.5,"rest_s":180},
            {"ex_id":"bench_press","sets":5,"reps":"6–10","rpe":7.5,"rest_s":180},
            {"ex_id":"barbell_row","sets":5,"reps":"8–10","rpe":7.5,"rest_s":150},
            {"ex_id":"plank","sets":3,"reps":"50s","rest_s":60}
          ]},
          {"day":2,"name_en":"Full Body B","name_ar":"الجسم الكامل ب","work":[
            {"ex_id":"deadlift","sets":5,"reps":"5–8","rpe":8,"rest_s":210},
            {"ex_id":"overhead_press","sets":5,"reps":"8–10","rpe":7.5,"rest_s":150},
            {"ex_id":"lat_pulldown","sets":5,"reps":"10–12","rpe":7.5,"rest_s":120},
            {"ex_id":"leg_curl","sets":4,"reps":"12–15","rpe":7,"rest_s":90}
          ]},
          {"day":3,"name_en":"Full Body C","name_ar":"الجسم الكامل ج","work":[
            {"ex_id":"leg_press","sets":5,"reps":"12–15","rpe":7.5,"rest_s":150},
            {"ex_id":"incline_db_press","sets":5,"reps":"10–12","rpe":7.5,"rest_s":120},
            {"ex_id":"seated_row","sets":5,"reps":"10–12","rpe":7.5,"rest_s":120},
            {"ex_id":"calf_raise","sets":5,"reps":"15–20","rest_s":60}
          ]}
        ],
        "advanced": [
          {"day":1,"name_en":"Full Body A","name_ar":"الجسم الكامل أ","work":[
            {"ex_id":"back_squat","sets":6,"reps":"6–10","rpe":8,"rest_s":180},
            {"ex_id":"bench_press","sets":6,"reps":"6–10","rpe":8,"rest_s":180},
            {"ex_id":"barbell_row","sets":6,"reps":"8–10","rpe":8,"rest_s":150},
            {"ex_id":"plank","sets":3,"reps":"60s","rest_s":60}
          ]},
          {"day":2,"name_en":"Full Body B","name_ar":"الجسم الكامل ب","work":[
            {"ex_id":"deadlift","sets":6,"reps":"5–8","rpe":8.5,"rest_s":210},
            {"ex_id":"overhead_press","sets":6,"reps":"8–10","rpe":8,"rest_s":150},
            {"ex_id":"lat_pulldown","sets":6,"reps":"10–12","rpe":8,"rest_s":120},
            {"ex_id":"leg_curl","sets":5,"reps":"12–15","rpe":7.5,"rest_s":90}
          ]},
          {"day":3,"name_en":"Full Body C","name_ar":"الجسم الكامل ج","work":[
            {"ex_id":"leg_press","sets":6,"reps":"12–15","rpe":8,"rest_s":150},
            {"ex_id":"incline_db_press","sets":6,"reps":"10–12","rpe":8,"rest_s":120},
            {"ex_id":"seated_row","sets":6,"reps":"10–12","rpe":8,"rest_s":120},
            {"ex_id":"calf_raise","sets":6,"reps":"15–20","rest_s":60}
          ]}
        ]
      },
      "general_fitness": {
        "beginner": [
          {"day":1,"name_en":"Full Body A","name_ar":"الجسم الكامل أ","work":[
            {"ex_id":"back_squat","sets":3,"reps":"8–10","rpe":6.5,"rest_s":120},
            {"ex_id":"bench_press","sets":3,"reps":"8–10","rpe":6.5,"rest_s":120},
            {"ex_id":"lat_pulldown","sets":3,"reps":"10–12","rpe":6.5,"rest_s":90}
          ],"conditioning":{"type":"steady","protocol":"Bike 15 min","duration_min":15}},
          {"day":2,"name_en":"Full Body B","name_ar":"الجسم الكامل ب","work":[
            {"ex_id":"leg_press","sets":3,"reps":"12–15","rpe":6.5,"rest_s":120},
            {"ex_id":"incline_db_press","sets":3,"reps":"10–12","rpe":6.5,"rest_s":90},
            {"ex_id":"seated_row","sets":3,"reps":"10–12","rpe":6.5,"rest_s":90}
          ]},
          {"day":3,"name_en":"Full Body C + Cardio","name_ar":"الجسم الكامل ج + كارديو","work":[
            {"ex_id":"goblet_squat","sets":2,"reps":"15","rpe":6,"rest_s":60},
            {"ex_id":"push_up","sets":2,"reps":"12","rpe":6,"rest_s":60},
            {"ex_id":"plank","sets":3,"reps":"40s","rest_s":60}
          ],"conditioning":{"type":"intervals","protocol":"Rower 1min/1min × 8","duration_min":16}}
        ],
        "intermediate": [
          {"day":1,"name_en":"Full Body A","name_ar":"الجسم الكامل أ","work":[
            {"ex_id":"back_squat","sets":4,"reps":"8–10","rpe":7,"rest_s":120},
            {"ex_id":"bench_press","sets":4,"reps":"8–10","rpe":7,"rest_s":120},
            {"ex_id":"lat_pulldown","sets":4,"reps":"10–12","rpe":7,"rest_s":90}
          ],"conditioning":{"type":"steady","protocol":"Bike 18 min","duration_min":18}},
          {"day":2,"name_en":"Full Body B","name_ar":"الجسم الكامل ب","work":[
            {"ex_id":"leg_press","sets":4,"reps":"12–15","rpe":7,"rest_s":120},
            {"ex_id":"incline_db_press","sets":4,"reps":"10–12","rpe":7,"rest_s":90},
            {"ex_id":"seated_row","sets":4,"reps":"10–12","rpe":7,"rest_s":90}
          ]},
          {"day":3,"name_en":"Full Body C + Cardio","name_ar":"الجسم الكامل ج + كارديو","work":[
            {"ex_id":"goblet_squat","sets":3,"reps":"18","rpe":6.5,"rest_s":60},
            {"ex_id":"push_up","sets":3,"reps":"15","rpe":6.5,"rest_s":60},
            {"ex_id":"plank","sets":3,"reps":"50s","rest_s":60}
          ],"conditioning":{"type":"intervals","protocol":"Rower 1min/1min × 10","duration_min":20}}
        ],
        "advanced": [
          {"day":1,"name_en":"Full Body A","name_ar":"الجسم الكامل أ","work":[
            {"ex_id":"back_squat","sets":5,"reps":"8–10","rpe":7.5,"rest_s":120},
            {"ex_id":"bench_press","sets":5,"reps":"8–10","rpe":7.5,"rest_s":120},
            {"ex_id":"lat_pulldown","sets":5,"reps":"10–12","rpe":7.5,"rest_s":90}
          ],"conditioning":{"type":"steady","protocol":"Bike 22 min","duration_min":22}},
          {"day":2,"name_en":"Full Body B","name_ar":"الجسم الكامل ب","work":[
            {"ex_id":"leg_press","sets":5,"reps":"12–15","rpe":7.5,"rest_s":120},
            {"ex_id":"incline_db_press","sets":5,"reps":"10–12","rpe":7.5,"rest_s":90},
            {"ex_id":"seated_row","sets":5,"reps":"10–12","rpe":7.5,"rest_s":90}
          ]},
          {"day":3,"name_en":"Full Body C + Cardio","name_ar":"الجسم الكامل ج + كارديو","work":[
            {"ex_id":"goblet_squat","sets":4,"reps":"20","rpe":7,"rest_s":60},
            {"ex_id":"push_up","sets":4,"reps":"18–20","rpe":7,"rest_s":60},
            {"ex_id":"plank","sets":3,"reps":"60s","rest_s":60}
          ],"conditioning":{"type":"intervals","protocol":"Rower 1min/1min × 12","duration_min":24}}
        ]
      }
    },
    "home": {
      "fat_loss": {
        "beginner": [
          {"day":1,"name_en":"Full Body A","name_ar":"الجسم الكامل أ","work":[
            {"ex_id":"goblet_squat","sets":3,"reps":"12–15","rpe":6.5,"rest_s":90},
            {"ex_id":"push_up","sets":3,"reps":"10–12","rpe":6.5,"rest_s":75},
            {"ex_id":"db_row","sets":3,"reps":"10–12","rpe":6.5,"rest_s":75},
            {"ex_id":"plank","sets":3,"reps":"40s","rest_s":60}
          ],"conditioning":{"type":"intervals","protocol":"Jumping Jacks 30/30 × 8","duration_min":8}},
          {"day":2,"name_en":"Full Body B","name_ar":"الجسم الكامل ب","work":[
            {"ex_id":"romanian_deadlift","sets":3,"reps":"10–12","rpe":6.5,"rest_s":90},
            {"ex_id":"db_shoulder_press","sets":3,"reps":"10–12","rpe":6.5,"rest_s":75},
            {"ex_id":"reverse_lunge","sets":3,"reps":"10/leg","rpe":6,"rest_s":75},
            {"ex_id":"dead_bug","sets":3,"reps":"10/side","rest_s":45}
          ],"conditioning":{"type":"steady","protocol":"Walk 20 min","duration_min":20}},
          {"day":3,"name_en":"Full Body C + HIIT","name_ar":"الجسم الكامل ج + تدريب فاصل","work":[
            {"ex_id":"goblet_squat","sets":3,"reps":"15","rpe":6.5,"rest_s":60},
            {"ex_id":"burpee","sets":3,"reps":"8–10","rpe":7,"rest_s":60},
            {"ex_id":"db_thruster","sets":3,"reps":"12–15","rpe":6.5,"rest_s":75}
          ],"conditioning":{"type":"hiit","protocol":"High Knees 20/10 Tabata × 8","duration_min":4}}
        ],
        "intermediate": [
          {"day":1,"name_en":"Full Body A","name_ar":"الجسم الكامل أ","work":[
            {"ex_id":"goblet_squat","sets":4,"reps":"12–15","rpe":7,"rest_s":90},
            {"ex_id":"push_up","sets":4,"reps":"12–15","rpe":7,"rest_s":75},
            {"ex_id":"db_row","sets":4,"reps":"10–12","rpe":7,"rest_s":75},
            {"ex_id":"plank","sets":3,"reps":"50s","rest_s":60}
          ],"conditioning":{"type":"intervals","protocol":"Burpees 30/30 × 10","duration_min":10}},
          {"day":2,"name_en":"Full Body B","name_ar":"الجسم الكامل ب","work":[
            {"ex_id":"romanian_deadlift","sets":4,"reps":"10–12","rpe":7,"rest_s":90},
            {"ex_id":"db_shoulder_press","sets":4,"reps":"10–12","rpe":7,"rest_s":75},
            {"ex_id":"reverse_lunge","sets":4,"reps":"10/leg","rpe":6.5,"rest_s":75},
            {"ex_id":"dead_bug","sets":3,"reps":"12/side","rest_s":45}
          ],"conditioning":{"type":"steady","protocol":"Walk/Jog 22 min","duration_min":22}},
          {"day":3,"name_en":"Full Body C + HIIT","name_ar":"الجسم الكامل ج + تدريب فاصل","work":[
            {"ex_id":"goblet_squat","sets":4,"reps":"18","rpe":7,"rest_s":60},
            {"ex_id":"burpee","sets":4,"reps":"10–12","rpe":7.5,"rest_s":60},
            {"ex_id":"db_thruster","sets":4,"reps":"15","rpe":7,"rest_s":75}
          ],"conditioning":{"type":"hiit","protocol":"Mountain Climbers 20/10 Tabata × 8","duration_min":4}}
        ],
        "advanced": [
          {"day":1,"name_en":"Full Body A","name_ar":"الجسم الكامل أ","work":[
            {"ex_id":"goblet_squat","sets":5,"reps":"15–18","rpe":7.5,"rest_s":90},
            {"ex_id":"push_up","sets":5,"reps":"15–20","rpe":7.5,"rest_s":75},
            {"ex_id":"db_row","sets":5,"reps":"10–12","rpe":7.5,"rest_s":75},
            {"ex_id":"plank","sets":3,"reps":"60s","rest_s":60}
          ],"conditioning":{"type":"intervals","protocol":"Burpees + High Knees 30/30 × 12","duration_min":12}},
          {"day":2,"name_en":"Full Body B","name_ar":"الجسم الكامل ب","work":[
            {"ex_id":"romanian_deadlift","sets":5,"reps":"10–12","rpe":7.5,"rest_s":90},
            {"ex_id":"db_shoulder_press","sets":5,"reps":"10–12","rpe":7.5,"rest_s":75},
            {"ex_id":"reverse_lunge","sets":5,"reps":"12/leg","rpe":7,"rest_s":75},
            {"ex_id":"dead_bug","sets":3,"reps":"15/side","rest_s":45}
          ],"conditioning":{"type":"steady","protocol":"Jog 25 min","duration_min":25}},
          {"day":3,"name_en":"Full Body C + HIIT","name_ar":"الجسم الكامل ج + تدريب فاصل","work":[
            {"ex_id":"goblet_squat","sets":5,"reps":"20","rpe":7.5,"rest_s":60},
            {"ex_id":"burpee","sets":5,"reps":"12–15","rpe":8,"rest_s":60},
            {"ex_id":"db_thruster","sets":5,"reps":"18","rpe":7.5,"rest_s":75}
          ],"conditioning":{"type":"hiit","protocol":"Tabata Mix 20/10 × 10","duration_min":5}}
        ]
      },
      "muscle_gain": {
        "beginner": [
          {"day":1,"name_en":"Full Body A","name_ar":"الجسم الكامل أ","work":[
            {"ex_id":"goblet_squat","sets":4,"reps":"10–12","rpe":7,"rest_s":150},
            {"ex_id":"push_up","sets":4,"reps":"10–12","rpe":7,"rest_s":120},
            {"ex_id":"db_row","sets":4,"reps":"10–12","rpe":7,"rest_s":120},
            {"ex_id":"plank","sets":3,"reps":"40s","rest_s":60}
          ]},
          {"day":2,"name_en":"Full Body B","name_ar":"الجسم الكامل ب","work":[
            {"ex_id":"romanian_deadlift","sets":4,"reps":"10–12","rpe":7,"rest_s":150},
            {"ex_id":"pike_push_up","sets":4,"reps":"10–12","rpe":7,"rest_s":120},
            {"ex_id":"pull_up","sets":3,"reps":"6–10","rpe":7.5,"rest_s":180},
            {"ex_id":"glute_bridge","sets":3,"reps":"15","rpe":6.5,"rest_s":90}
          ]},
          {"day":3,"name_en":"Full Body C","name_ar":"الجسم الكامل ج","work":[
            {"ex_id":"bulgarian_split_squat","sets":3,"reps":"10/leg","rpe":7,"rest_s":120},
            {"ex_id":"incline_push_up","sets":4,"reps":"12–15","rpe":6.5,"rest_s":90},
            {"ex_id":"db_row","sets":4,"reps":"12","rpe":7,"rest_s":120},
            {"ex_id":"calf_raise","sets":4,"reps":"15–20","rest_s":60}
          ]}
        ],
        "intermediate": [
          {"day":1,"name_en":"Full Body A","name_ar":"الجسم الكامل أ","work":[
            {"ex_id":"goblet_squat","sets":5,"reps":"10–12","rpe":7.5,"rest_s":150},
            {"ex_id":"push_up","sets":5,"reps":"12–15","rpe":7.5,"rest_s":120},
            {"ex_id":"db_row","sets":5,"reps":"10–12","rpe":7.5,"rest_s":120},
            {"ex_id":"plank","sets":3,"reps":"50s","rest_s":60}
          ]},
          {"day":2,"name_en":"Full Body B","name_ar":"الجسم الكامل ب","work":[
            {"ex_id":"romanian_deadlift","sets":5,"reps":"10–12","rpe":7.5,"rest_s":150},
            {"ex_id":"pike_push_up","sets":5,"reps":"10–12","rpe":7.5,"rest_s":120},
            {"ex_id":"pull_up","sets":4,"reps":"8–10","rpe":8,"rest_s":180},
            {"ex_id":"glute_bridge","sets":4,"reps":"18","rpe":7,"rest_s":90}
          ]},
          {"day":3,"name_en":"Full Body C","name_ar":"الجسم الكامل ج","work":[
            {"ex_id":"bulgarian_split_squat","sets":4,"reps":"12/leg","rpe":7.5,"rest_s":120},
            {"ex_id":"incline_push_up","sets":5,"reps":"15","rpe":7,"rest_s":90},
            {"ex_id":"db_row","sets":5,"reps":"12","rpe":7.5,"rest_s":120},
            {"ex_id":"calf_raise","sets":5,"reps":"18–20","rest_s":60}
          ]}
        ],
        "advanced": [
          {"day":1,"name_en":"Full Body A","name_ar":"الجسم الكامل أ","work":[
            {"ex_id":"goblet_squat","sets":6,"reps":"10–12","rpe":8,"rest_s":150},
            {"ex_id":"push_up","sets":6,"reps":"15–20","rpe":8,"rest_s":120},
            {"ex_id":"db_row","sets":6,"reps":"10–12","rpe":8,"rest_s":120},
            {"ex_id":"plank","sets":3,"reps":"60s","rest_s":60}
          ]},
          {"day":2,"name_en":"Full Body B","name_ar":"الجسم الكامل ب","work":[
            {"ex_id":"romanian_deadlift","sets":6,"reps":"10–12","rpe":8,"rest_s":150},
            {"ex_id":"pike_push_up","sets":6,"reps":"12–15","rpe":8,"rest_s":120},
            {"ex_id":"pull_up","sets":5,"reps":"10–12","rpe":8.5,"rest_s":180},
            {"ex_id":"glute_bridge","sets":5,"reps":"20","rpe":7.5,"rest_s":90}
          ]},
          {"day":3,"name_en":"Full Body C","name_ar":"الجسم الكامل ج","work":[
            {"ex_id":"bulgarian_split_squat","sets":5,"reps":"15/leg","rpe":8,"rest_s":120},
            {"ex_id":"incline_push_up","sets":6,"reps":"18–20","rpe":7.5,"rest_s":90},
            {"ex_id":"db_row","sets":6,"reps":"15","rpe":8,"rest_s":120},
            {"ex_id":"calf_raise","sets":6,"reps":"20","rest_s":60}
          ]}
        ]
      },
      "general_fitness": {
        "beginner": [
          {"day":1,"name_en":"Full Body A","name_ar":"الجسم الكامل أ","work":[
            {"ex_id":"goblet_squat","sets":3,"reps":"10–12","rpe":6.5,"rest_s":90},
            {"ex_id":"push_up","sets":3,"reps":"10–12","rpe":6.5,"rest_s":75},
            {"ex_id":"db_row","sets":3,"reps":"10–12","rpe":6.5,"rest_s":75}
          ],"conditioning":{"type":"steady","protocol":"Walk 15 min","duration_min":15}},
          {"day":2,"name_en":"Full Body B","name_ar":"الجسم الكامل ب","work":[
            {"ex_id":"romanian_deadlift","sets":3,"reps":"10–12","rpe":6.5,"rest_s":90},
            {"ex_id":"db_shoulder_press","sets":2,"reps":"10–12","rpe":6,"rest_s":75},
            {"ex_id":"plank","sets":3,"reps":"40s","rest_s":60}
          ]},
          {"day":3,"name_en":"Full Body C + Cardio","name_ar":"الجسم الكامل ج + كارديو","work":[
            {"ex_id":"goblet_squat","sets":2,"reps":"15","rpe":6,"rest_s":60},
            {"ex_id":"push_up","sets":2,"reps":"12","rpe":6,"rest_s":60}
          ],"conditioning":{"type":"intervals","protocol":"Jumping Jacks 30/30 × 8","duration_min":8}}
        ],
        "intermediate": [
          {"day":1,"name_en":"Full Body A","name_ar":"الجسم الكامل أ","work":[
            {"ex_id":"goblet_squat","sets":4,"reps":"10–12","rpe":7,"rest_s":90},
            {"ex_id":"push_up","sets":4,"reps":"12–15","rpe":7,"rest_s":75},
            {"ex_id":"db_row","sets":4,"reps":"10–12","rpe":7,"rest_s":75}
          ],"conditioning":{"type":"steady","protocol":"Walk/Jog 18 min","duration_min":18}},
          {"day":2,"name_en":"Full Body B","name_ar":"الجسم الكامل ب","work":[
            {"ex_id":"romanian_deadlift","sets":4,"reps":"10–12","rpe":7,"rest_s":90},
            {"ex_id":"db_shoulder_press","sets":3,"reps":"10–12","rpe":6.5,"rest_s":75},
            {"ex_id":"plank","sets":3,"reps":"50s","rest_s":60}
          ]},
          {"day":3,"name_en":"Full Body C + Cardio","name_ar":"الجسم الكامل ج + كارديو","work":[
            {"ex_id":"goblet_squat","sets":3,"reps":"18","rpe":6.5,"rest_s":60},
            {"ex_id":"push_up","sets":3,"reps":"15","rpe":6.5,"rest_s":60}
          ],"conditioning":{"type":"intervals","protocol":"High Knees 30/30 × 10","duration_min":10}}
        ],
        "advanced": [
          {"day":1,"name_en":"Full Body A","name_ar":"الجسم الكامل أ","work":[
            {"ex_id":"goblet_squat","sets":5,"reps":"10–12","rpe":7.5,"rest_s":90},
            {"ex_id":"push_up","sets":5,"reps":"15–18","rpe":7.5,"rest_s":75},
            {"ex_id":"db_row","sets":5,"reps":"10–12","rpe":7.5,"rest_s":75}
          ],"conditioning":{"type":"steady","protocol":"Jog 20 min","duration_min":20}},
          {"day":2,"name_en":"Full Body B","name_ar":"الجسم الكامل ب","work":[
            {"ex_id":"romanian_deadlift","sets":5,"reps":"10–12","rpe":7.5,"rest_s":90},
            {"ex_id":"db_shoulder_press","sets":4,"reps":"10–12","rpe":7,"rest_s":75},
            {"ex_id":"plank","sets":3,"reps":"60s","rest_s":60}
          ]},
          {"day":3,"name_en":"Full Body C + Cardio","name_ar":"الجسم الكامل ج + كارديو","work":[
            {"ex_id":"goblet_squat","sets":4,"reps":"20","rpe":7,"rest_s":60},
            {"ex_id":"push_up","sets":4,"reps":"18–20","rpe":7,"rest_s":60}
          ],"conditioning":{"type":"intervals","protocol":"Burpees 30/30 × 10","duration_min":10}}
        ]
      }
    }
  },
  "fitness_score": {
    "method": "weekly_projection",
    "weights": {"adherence":0.45,"strength":0.30,"cardio":0.25},
    "by_experience": {
      "beginner": [
        {"week":1,"score":66},{"week":2,"score":68},{"week":3,"score":70},{"week":4,"score":72},
        {"week":5,"score":74},{"week":6,"score":75},{"week":7,"score":77},{"week":8,"score":78},
        {"week":9,"score":80},{"week":10,"score":81},{"week":11,"score":79},{"week":12,"score":82}
      ],
      "intermediate": [
        {"week":1,"score":67},{"week":2,"score":69},{"week":3,"score":71},{"week":4,"score":73},
        {"week":5,"score":75},{"week":6,"score":76},{"week":7,"score":78},{"week":8,"score":79},
        {"week":9,"score":81},{"week":10,"score":82},{"week":11,"score":80},{"week":12,"score":83}
      ],
      "advanced": [
        {"week":1,"score":68},{"week":2,"score":70},{"week":3,"score":72},{"week":4,"score":74},
        {"week":5,"score":76},{"week":6,"score":77},{"week":7,"score":79},{"week":8,"score":80},
        {"week":9,"score":82},{"week":10,"score":83},{"week":11,"score":81},{"week":12,"score":84}
      ]
    }
  },
  "routing": {"injury_swaps": true, "equipment_swaps": true},
  "metadata": {
    "created_by": "system",
    "version": "1.0",
    "intake_level": "advanced",
    "intake_questions_required": "full",
    "tags": ["3_days", "full_body", "premium", "adaptive"]
  }
}
